reform_id,reform_name,year,employment_income,baseline_net_income,reform_net_income
fuel_duty_freeze,Fuel duty freeze extension,2026,0.0,11634.0,11634.0
fuel_duty_freeze,Fuel duty freeze extension,2026,750.0,12384.0,12384.0
fuel_duty_freeze,Fuel duty freeze extension,2026,1500.0,13134.0,13134.0
fuel_duty_freeze,Fuel duty freeze extension,2026,2250.0,13884.0,13884.0
fuel_duty_freeze,Fuel duty freeze extension,2026,3000.0,14634.0,14634.0
fuel_duty_freeze,Fuel duty freeze extension,2026,3750.0,15384.0,15384.0
fuel_duty_freeze,Fuel duty freeze extension,2026,4500.0,16134.0,16134.0
fuel_duty_freeze,Fuel duty freeze extension,2026,5250.0,16884.0,16884.0
fuel_duty_freeze,Fuel duty freeze extension,2026,6000.0,17634.0,17634.0
fuel_duty_freeze,Fuel duty freeze extension,2026,6750.0,18384.0,18384.0
fuel_duty_freeze,Fuel duty freeze extension,2026,7500.0,19134.0,19134.0
fuel_duty_freeze,Fuel duty freeze extension,2026,8250.0,19884.0,19884.0
fuel_duty_freeze,Fuel duty freeze extension,2026,9000.0,20634.0,20634.0
fuel_duty_freeze,Fuel duty freeze extension,2026,9750.0,21384.0,21384.0
fuel_duty_freeze,Fuel duty freeze extension,2026,10500.0,22134.0,22134.0
fuel_duty_freeze,Fuel duty freeze extension,2026,11250.0,22884.0,22884.0
fuel_duty_freeze,Fuel duty freeze extension,2026,12000.0,23634.0,23634.0
fuel_duty_freeze,Fuel duty freeze extension,2026,12750.0,24369.0,24369.0
fuel_duty_freeze,Fuel duty freeze extension,2026,13500.0,25059.0,25059.0
fuel_duty_freeze,Fuel duty freeze extension,2026,14250.0,25749.0,25749.0
fuel_duty_freeze,Fuel duty freeze extension,2026,15000.0,26439.0,26439.0
fuel_duty_freeze,Fuel duty freeze extension,2026,15750.0,27129.0,27129.0
fuel_duty_freeze,Fuel duty freeze extension,2026,16500.0,27819.0,27819.0
fuel_duty_freeze,Fuel duty freeze extension,2026,17250.0,28509.0,28509.0
fuel_duty_freeze,Fuel duty freeze extension,2026,18000.0,29199.0,29199.0
fuel_duty_freeze,Fuel duty freeze extension,2026,18750.0,29889.0,29889.0
fuel_duty_freeze,Fuel duty freeze extension,2026,19500.0,30329.0,30329.0
fuel_duty_freeze,Fuel duty freeze extension,2026,20250.0,30640.0,30640.0
fuel_duty_freeze,Fuel duty freeze extension,2026,21000.0,30950.0,30950.0
fuel_duty_freeze,Fuel duty freeze extension,2026,21750.0,31261.0,31261.0
fuel_duty_freeze,Fuel duty freeze extension,2026,22500.0,31571.0,31571.0
fuel_duty_freeze,Fuel duty freeze extension,2026,23250.0,31882.0,31882.0
fuel_duty_freeze,Fuel duty freeze extension,2026,24000.0,32177.0,32177.0
fuel_duty_freeze,Fuel duty freeze extension,2026,24750.0,32420.0,32420.0
fuel_duty_freeze,Fuel duty freeze extension,2026,25500.0,32663.0,32663.0
fuel_duty_freeze,Fuel duty freeze extension,2026,26250.0,32906.0,32906.0
fuel_duty_freeze,Fuel duty freeze extension,2026,27000.0,33149.0,33149.0
fuel_duty_freeze,Fuel duty freeze extension,2026,27750.0,33392.0,33392.0
fuel_duty_freeze,Fuel duty freeze extension,2026,28500.0,33635.0,33635.0
fuel_duty_freeze,Fuel duty freeze extension,2026,29250.0,33878.0,33878.0
fuel_duty_freeze,Fuel duty freeze extension,2026,30000.0,34121.0,34121.0
fuel_duty_freeze,Fuel duty freeze extension,2026,30750.0,34364.0,34364.0
fuel_duty_freeze,Fuel duty freeze extension,2026,31500.0,34607.0,34607.0
fuel_duty_freeze,Fuel duty freeze extension,2026,32250.0,34850.0,34850.0
fuel_duty_freeze,Fuel duty freeze extension,2026,33000.0,35093.0,35093.0
fuel_duty_freeze,Fuel duty freeze extension,2026,33750.0,35336.0,35336.0
fuel_duty_freeze,Fuel duty freeze extension,2026,34500.0,35579.0,35579.0
fuel_duty_freeze,Fuel duty freeze extension,2026,35250.0,35822.0,35822.0
fuel_duty_freeze,Fuel duty freeze extension,2026,36000.0,36065.0,36065.0
fuel_duty_freeze,Fuel duty freeze extension,2026,36750.0,36308.0,36308.0
fuel_duty_freeze,Fuel duty freeze extension,2026,37500.0,36551.0,36551.0
fuel_duty_freeze,Fuel duty freeze extension,2026,38250.0,36794.0,36794.0
fuel_duty_freeze,Fuel duty freeze extension,2026,39000.0,37037.0,37037.0
fuel_duty_freeze,Fuel duty freeze extension,2026,39750.0,37280.0,37280.0
fuel_duty_freeze,Fuel duty freeze extension,2026,40500.0,37523.0,37523.0
fuel_duty_freeze,Fuel duty freeze extension,2026,41250.0,37766.0,37766.0
fuel_duty_freeze,Fuel duty freeze extension,2026,42000.0,38009.0,38009.0
fuel_duty_freeze,Fuel duty freeze extension,2026,42750.0,38252.0,38252.0
fuel_duty_freeze,Fuel duty freeze extension,2026,43500.0,38495.0,38495.0
fuel_duty_freeze,Fuel duty freeze extension,2026,44250.0,38738.0,38738.0
fuel_duty_freeze,Fuel duty freeze extension,2026,45000.0,38981.0,38981.0
fuel_duty_freeze,Fuel duty freeze extension,2026,45750.0,39224.0,39224.0
fuel_duty_freeze,Fuel duty freeze extension,2026,46500.0,39467.0,39467.0
fuel_duty_freeze,Fuel duty freeze extension,2026,47250.0,39710.0,39710.0
fuel_duty_freeze,Fuel duty freeze extension,2026,48000.0,39953.0,39953.0
fuel_duty_freeze,Fuel duty freeze extension,2026,48750.0,40196.0,40196.0
fuel_duty_freeze,Fuel duty freeze extension,2026,49500.0,40439.0,40439.0
fuel_duty_freeze,Fuel duty freeze extension,2026,50250.0,40682.0,40682.0
fuel_duty_freeze,Fuel duty freeze extension,2026,51000.0,40945.0,40945.0
fuel_duty_freeze,Fuel duty freeze extension,2026,51750.0,41208.0,41208.0
fuel_duty_freeze,Fuel duty freeze extension,2026,52500.0,41471.0,41471.0
fuel_duty_freeze,Fuel duty freeze extension,2026,53250.0,41734.0,41734.0
fuel_duty_freeze,Fuel duty freeze extension,2026,54000.0,41998.0,41998.0
fuel_duty_freeze,Fuel duty freeze extension,2026,54750.0,42261.0,42261.0
fuel_duty_freeze,Fuel duty freeze extension,2026,55500.0,42699.0,42699.0
fuel_duty_freeze,Fuel duty freeze extension,2026,56250.0,43284.0,43284.0
fuel_duty_freeze,Fuel duty freeze extension,2026,57000.0,43869.0,43869.0
fuel_duty_freeze,Fuel duty freeze extension,2026,57750.0,44454.0,44454.0
fuel_duty_freeze,Fuel duty freeze extension,2026,58500.0,45039.0,45039.0
fuel_duty_freeze,Fuel duty freeze extension,2026,59250.0,45624.0,45624.0
fuel_duty_freeze,Fuel duty freeze extension,2026,60000.0,46209.0,46209.0
fuel_duty_freeze,Fuel duty freeze extension,2026,60750.0,46323.0,46323.0
fuel_duty_freeze,Fuel duty freeze extension,2026,61500.0,46636.0,46636.0
fuel_duty_freeze,Fuel duty freeze extension,2026,62250.0,46949.0,46949.0
fuel_duty_freeze,Fuel duty freeze extension,2026,63000.0,47262.0,47262.0
fuel_duty_freeze,Fuel duty freeze extension,2026,63750.0,47575.0,47575.0
fuel_duty_freeze,Fuel duty freeze extension,2026,64500.0,47888.0,47888.0
fuel_duty_freeze,Fuel duty freeze extension,2026,65250.0,48200.0,48200.0
fuel_duty_freeze,Fuel duty freeze extension,2026,66000.0,48513.0,48513.0
fuel_duty_freeze,Fuel duty freeze extension,2026,66750.0,48826.0,48826.0
fuel_duty_freeze,Fuel duty freeze extension,2026,67500.0,49139.0,49139.0
fuel_duty_freeze,Fuel duty freeze extension,2026,68250.0,49452.0,49452.0
fuel_duty_freeze,Fuel duty freeze extension,2026,69000.0,49765.0,49765.0
fuel_duty_freeze,Fuel duty freeze extension,2026,69750.0,50078.0,50078.0
fuel_duty_freeze,Fuel duty freeze extension,2026,70500.0,50390.0,50390.0
fuel_duty_freeze,Fuel duty freeze extension,2026,71250.0,50703.0,50703.0
fuel_duty_freeze,Fuel duty freeze extension,2026,72000.0,51016.0,51016.0
fuel_duty_freeze,Fuel duty freeze extension,2026,72750.0,51329.0,51329.0
fuel_duty_freeze,Fuel duty freeze extension,2026,73500.0,51642.0,51642.0
fuel_duty_freeze,Fuel duty freeze extension,2026,74250.0,51955.0,51955.0
fuel_duty_freeze,Fuel duty freeze extension,2026,75000.0,52268.0,52268.0
fuel_duty_freeze,Fuel duty freeze extension,2026,75750.0,52580.0,52580.0
fuel_duty_freeze,Fuel duty freeze extension,2026,76500.0,52893.0,52893.0
fuel_duty_freeze,Fuel duty freeze extension,2026,77250.0,53206.0,53206.0
fuel_duty_freeze,Fuel duty freeze extension,2026,78000.0,53519.0,53519.0
fuel_duty_freeze,Fuel duty freeze extension,2026,78750.0,53832.0,53832.0
fuel_duty_freeze,Fuel duty freeze extension,2026,79500.0,54145.0,54145.0
fuel_duty_freeze,Fuel duty freeze extension,2026,80250.0,54498.0,54498.0
fuel_duty_freeze,Fuel duty freeze extension,2026,81000.0,54933.0,54933.0
fuel_duty_freeze,Fuel duty freeze extension,2026,81750.0,55368.0,55368.0
fuel_duty_freeze,Fuel duty freeze extension,2026,82500.0,55803.0,55803.0
fuel_duty_freeze,Fuel duty freeze extension,2026,83250.0,56238.0,56238.0
fuel_duty_freeze,Fuel duty freeze extension,2026,84000.0,56673.0,56673.0
fuel_duty_freeze,Fuel duty freeze extension,2026,84750.0,57108.0,57108.0
fuel_duty_freeze,Fuel duty freeze extension,2026,85500.0,57543.0,57543.0
fuel_duty_freeze,Fuel duty freeze extension,2026,86250.0,57978.0,57978.0
fuel_duty_freeze,Fuel duty freeze extension,2026,87000.0,58413.0,58413.0
fuel_duty_freeze,Fuel duty freeze extension,2026,87750.0,58848.0,58848.0
fuel_duty_freeze,Fuel duty freeze extension,2026,88500.0,59283.0,59283.0
fuel_duty_freeze,Fuel duty freeze extension,2026,89250.0,59718.0,59718.0
fuel_duty_freeze,Fuel duty freeze extension,2026,90000.0,60153.0,60153.0
fuel_duty_freeze,Fuel duty freeze extension,2026,90750.0,60588.0,60588.0
fuel_duty_freeze,Fuel duty freeze extension,2026,91500.0,61023.0,61023.0
fuel_duty_freeze,Fuel duty freeze extension,2026,92250.0,61458.0,61458.0
fuel_duty_freeze,Fuel duty freeze extension,2026,93000.0,61893.0,61893.0
fuel_duty_freeze,Fuel duty freeze extension,2026,93750.0,62328.0,62328.0
fuel_duty_freeze,Fuel duty freeze extension,2026,94500.0,62763.0,62763.0
fuel_duty_freeze,Fuel duty freeze extension,2026,95250.0,63198.0,63198.0
fuel_duty_freeze,Fuel duty freeze extension,2026,96000.0,63633.0,63633.0
fuel_duty_freeze,Fuel duty freeze extension,2026,96750.0,64068.0,64068.0
fuel_duty_freeze,Fuel duty freeze extension,2026,97500.0,64503.0,64503.0
fuel_duty_freeze,Fuel duty freeze extension,2026,98250.0,64938.0,64938.0
fuel_duty_freeze,Fuel duty freeze extension,2026,99000.0,65373.0,65373.0
fuel_duty_freeze,Fuel duty freeze extension,2026,99750.0,65808.0,65808.0
fuel_duty_freeze,Fuel duty freeze extension,2026,100500.0,66143.0,66143.0
fuel_duty_freeze,Fuel duty freeze extension,2026,101250.0,66428.0,66428.0
fuel_duty_freeze,Fuel duty freeze extension,2026,102000.0,66713.0,66713.0
fuel_duty_freeze,Fuel duty freeze extension,2026,102750.0,66998.0,66998.0
fuel_duty_freeze,Fuel duty freeze extension,2026,103500.0,67283.0,67283.0
fuel_duty_freeze,Fuel duty freeze extension,2026,104250.0,67568.0,67568.0
fuel_duty_freeze,Fuel duty freeze extension,2026,105000.0,67853.0,67853.0
fuel_duty_freeze,Fuel duty freeze extension,2026,105750.0,68138.0,68138.0
fuel_duty_freeze,Fuel duty freeze extension,2026,106500.0,68423.0,68423.0
fuel_duty_freeze,Fuel duty freeze extension,2026,107250.0,68708.0,68708.0
fuel_duty_freeze,Fuel duty freeze extension,2026,108000.0,68993.0,68993.0
fuel_duty_freeze,Fuel duty freeze extension,2026,108750.0,69278.0,69278.0
fuel_duty_freeze,Fuel duty freeze extension,2026,109500.0,69563.0,69563.0
fuel_duty_freeze,Fuel duty freeze extension,2026,110250.0,69848.0,69848.0
fuel_duty_freeze,Fuel duty freeze extension,2026,111000.0,70133.0,70133.0
fuel_duty_freeze,Fuel duty freeze extension,2026,111750.0,70418.0,70418.0
fuel_duty_freeze,Fuel duty freeze extension,2026,112500.0,70703.0,70703.0
fuel_duty_freeze,Fuel duty freeze extension,2026,113250.0,70988.0,70988.0
fuel_duty_freeze,Fuel duty freeze extension,2026,114000.0,71273.0,71273.0
fuel_duty_freeze,Fuel duty freeze extension,2026,114750.0,71558.0,71558.0
fuel_duty_freeze,Fuel duty freeze extension,2026,115500.0,71843.0,71843.0
fuel_duty_freeze,Fuel duty freeze extension,2026,116250.0,72128.0,72128.0
fuel_duty_freeze,Fuel duty freeze extension,2026,117000.0,72413.0,72413.0
fuel_duty_freeze,Fuel duty freeze extension,2026,117750.0,72698.0,72698.0
fuel_duty_freeze,Fuel duty freeze extension,2026,118500.0,72983.0,72983.0
fuel_duty_freeze,Fuel duty freeze extension,2026,119250.0,73268.0,73268.0
fuel_duty_freeze,Fuel duty freeze extension,2026,120000.0,73553.0,73553.0
fuel_duty_freeze,Fuel duty freeze extension,2026,120750.0,73838.0,73838.0
fuel_duty_freeze,Fuel duty freeze extension,2026,121500.0,74123.0,74123.0
fuel_duty_freeze,Fuel duty freeze extension,2026,122250.0,74408.0,74408.0
fuel_duty_freeze,Fuel duty freeze extension,2026,123000.0,74693.0,74693.0
fuel_duty_freeze,Fuel duty freeze extension,2026,123750.0,74978.0,74978.0
fuel_duty_freeze,Fuel duty freeze extension,2026,124500.0,75263.0,75263.0
fuel_duty_freeze,Fuel duty freeze extension,2026,125250.0,75570.0,75570.0
fuel_duty_freeze,Fuel duty freeze extension,2026,126000.0,76005.0,76005.0
fuel_duty_freeze,Fuel duty freeze extension,2026,126750.0,76440.0,76440.0
fuel_duty_freeze,Fuel duty freeze extension,2026,127500.0,76875.0,76875.0
fuel_duty_freeze,Fuel duty freeze extension,2026,128250.0,77310.0,77310.0
fuel_duty_freeze,Fuel duty freeze extension,2026,129000.0,77745.0,77745.0
fuel_duty_freeze,Fuel duty freeze extension,2026,129750.0,78180.0,78180.0
fuel_duty_freeze,Fuel duty freeze extension,2026,130500.0,78615.0,78615.0
fuel_duty_freeze,Fuel duty freeze extension,2026,131250.0,79050.0,79050.0
fuel_duty_freeze,Fuel duty freeze extension,2026,132000.0,79485.0,79485.0
fuel_duty_freeze,Fuel duty freeze extension,2026,132750.0,79920.0,79920.0
fuel_duty_freeze,Fuel duty freeze extension,2026,133500.0,80355.0,80355.0
fuel_duty_freeze,Fuel duty freeze extension,2026,134250.0,80790.0,80790.0
fuel_duty_freeze,Fuel duty freeze extension,2026,135000.0,81225.0,81225.0
fuel_duty_freeze,Fuel duty freeze extension,2026,135750.0,81630.0,81630.0
fuel_duty_freeze,Fuel duty freeze extension,2026,136500.0,82027.0,82027.0
fuel_duty_freeze,Fuel duty freeze extension,2026,137250.0,82425.0,82425.0
fuel_duty_freeze,Fuel duty freeze extension,2026,138000.0,82822.0,82822.0
fuel_duty_freeze,Fuel duty freeze extension,2026,138750.0,83220.0,83220.0
fuel_duty_freeze,Fuel duty freeze extension,2026,139500.0,83617.0,83617.0
fuel_duty_freeze,Fuel duty freeze extension,2026,140250.0,84015.0,84015.0
fuel_duty_freeze,Fuel duty freeze extension,2026,141000.0,84412.0,84412.0
fuel_duty_freeze,Fuel duty freeze extension,2026,141750.0,84810.0,84810.0
fuel_duty_freeze,Fuel duty freeze extension,2026,142500.0,85207.0,85207.0
fuel_duty_freeze,Fuel duty freeze extension,2026,143250.0,85605.0,85605.0
fuel_duty_freeze,Fuel duty freeze extension,2026,144000.0,86002.0,86002.0
fuel_duty_freeze,Fuel duty freeze extension,2026,144750.0,86400.0,86400.0
fuel_duty_freeze,Fuel duty freeze extension,2026,145500.0,86797.0,86797.0
fuel_duty_freeze,Fuel duty freeze extension,2026,146250.0,87195.0,87195.0
fuel_duty_freeze,Fuel duty freeze extension,2026,147000.0,87592.0,87592.0
fuel_duty_freeze,Fuel duty freeze extension,2026,147750.0,87990.0,87990.0
fuel_duty_freeze,Fuel duty freeze extension,2026,148500.0,88387.0,88387.0
fuel_duty_freeze,Fuel duty freeze extension,2026,149250.0,88785.0,88785.0
fuel_duty_freeze,Fuel duty freeze extension,2026,150000.0,89182.0,89182.0
fuel_duty_freeze,Fuel duty freeze extension,2027,0.0,45205.0,45205.0
fuel_duty_freeze,Fuel duty freeze extension,2027,750.0,21638.0,21638.0
fuel_duty_freeze,Fuel duty freeze extension,2027,1500.0,22388.0,22388.0
fuel_duty_freeze,Fuel duty freeze extension,2027,2250.0,47455.0,47455.0
fuel_duty_freeze,Fuel duty freeze extension,2027,3000.0,48205.0,48205.0
fuel_duty_freeze,Fuel duty freeze extension,2027,3750.0,48955.0,48955.0
fuel_duty_freeze,Fuel duty freeze extension,2027,4500.0,49705.0,49705.0
fuel_duty_freeze,Fuel duty freeze extension,2027,5250.0,50455.0,50455.0
fuel_duty_freeze,Fuel duty freeze extension,2027,6000.0,51205.0,51205.0
fuel_duty_freeze,Fuel duty freeze extension,2027,6750.0,51955.0,51955.0
fuel_duty_freeze,Fuel duty freeze extension,2027,7500.0,52705.0,52705.0
fuel_duty_freeze,Fuel duty freeze extension,2027,8250.0,53455.0,53455.0
fuel_duty_freeze,Fuel duty freeze extension,2027,9000.0,54205.0,54205.0
fuel_duty_freeze,Fuel duty freeze extension,2027,9750.0,54955.0,54955.0
fuel_duty_freeze,Fuel duty freeze extension,2027,10500.0,55705.0,55705.0
fuel_duty_freeze,Fuel duty freeze extension,2027,11250.0,32138.0,32138.0
fuel_duty_freeze,Fuel duty freeze extension,2027,12000.0,57205.0,57205.0
fuel_duty_freeze,Fuel duty freeze extension,2027,12750.0,57940.0,57940.0
fuel_duty_freeze,Fuel duty freeze extension,2027,13500.0,58630.0,58630.0
fuel_duty_freeze,Fuel duty freeze extension,2027,14250.0,59320.0,59320.0
fuel_duty_freeze,Fuel duty freeze extension,2027,15000.0,60010.0,60010.0
fuel_duty_freeze,Fuel duty freeze extension,2027,15750.0,60700.0,60700.0
fuel_duty_freeze,Fuel duty freeze extension,2027,16500.0,61390.0,61390.0
fuel_duty_freeze,Fuel duty freeze extension,2027,17250.0,62080.0,62080.0
fuel_duty_freeze,Fuel duty freeze extension,2027,18000.0,62770.0,62770.0
fuel_duty_freeze,Fuel duty freeze extension,2027,18750.0,39144.0,39144.0
fuel_duty_freeze,Fuel duty freeze extension,2027,19500.0,39700.0,39700.0
fuel_duty_freeze,Fuel duty freeze extension,2027,20250.0,64327.0,64327.0
fuel_duty_freeze,Fuel duty freeze extension,2027,21000.0,40320.0,40320.0
fuel_duty_freeze,Fuel duty freeze extension,2027,21750.0,64948.0,64948.0
fuel_duty_freeze,Fuel duty freeze extension,2027,22500.0,65258.0,65258.0
fuel_duty_freeze,Fuel duty freeze extension,2027,23250.0,65569.0,65569.0
fuel_duty_freeze,Fuel duty freeze extension,2027,24000.0,41547.0,41547.0
fuel_duty_freeze,Fuel duty freeze extension,2027,24750.0,66107.0,66107.0
fuel_duty_freeze,Fuel duty freeze extension,2027,25500.0,66350.0,66350.0
fuel_duty_freeze,Fuel duty freeze extension,2027,26250.0,42276.0,42276.0
fuel_duty_freeze,Fuel duty freeze extension,2027,27000.0,66836.0,66836.0
fuel_duty_freeze,Fuel duty freeze extension,2027,27750.0,67079.0,67079.0
fuel_duty_freeze,Fuel duty freeze extension,2027,28500.0,67322.0,67322.0
fuel_duty_freeze,Fuel duty freeze extension,2027,29250.0,67565.0,67565.0
fuel_duty_freeze,Fuel duty freeze extension,2027,30000.0,67808.0,67808.0
fuel_duty_freeze,Fuel duty freeze extension,2027,30750.0,43734.0,43734.0
fuel_duty_freeze,Fuel duty freeze extension,2027,31500.0,68294.0,68294.0
fuel_duty_freeze,Fuel duty freeze extension,2027,32250.0,44220.0,44220.0
fuel_duty_freeze,Fuel duty freeze extension,2027,33000.0,68780.0,68780.0
fuel_duty_freeze,Fuel duty freeze extension,2027,33750.0,44706.0,44706.0
fuel_duty_freeze,Fuel duty freeze extension,2027,34500.0,69266.0,69266.0
fuel_duty_freeze,Fuel duty freeze extension,2027,35250.0,69509.0,69509.0
fuel_duty_freeze,Fuel duty freeze extension,2027,36000.0,69752.0,69752.0
fuel_duty_freeze,Fuel duty freeze extension,2027,36750.0,45678.0,45678.0
fuel_duty_freeze,Fuel duty freeze extension,2027,37500.0,70238.0,70238.0
fuel_duty_freeze,Fuel duty freeze extension,2027,38250.0,70481.0,70481.0
fuel_duty_freeze,Fuel duty freeze extension,2027,39000.0,70724.0,70724.0
fuel_duty_freeze,Fuel duty freeze extension,2027,39750.0,70967.0,70967.0
fuel_duty_freeze,Fuel duty freeze extension,2027,40500.0,46893.0,46893.0
fuel_duty_freeze,Fuel duty freeze extension,2027,41250.0,71453.0,71453.0
fuel_duty_freeze,Fuel duty freeze extension,2027,42000.0,71696.0,71696.0
fuel_duty_freeze,Fuel duty freeze extension,2027,42750.0,71939.0,71939.0
fuel_duty_freeze,Fuel duty freeze extension,2027,43500.0,72182.0,72182.0
fuel_duty_freeze,Fuel duty freeze extension,2027,44250.0,72425.0,72425.0
fuel_duty_freeze,Fuel duty freeze extension,2027,45000.0,72668.0,72668.0
fuel_duty_freeze,Fuel duty freeze extension,2027,45750.0,72911.0,72911.0
fuel_duty_freeze,Fuel duty freeze extension,2027,46500.0,73154.0,73154.0
fuel_duty_freeze,Fuel duty freeze extension,2027,47250.0,49080.0,49080.0
fuel_duty_freeze,Fuel duty freeze extension,2027,48000.0,73640.0,73640.0
fuel_duty_freeze,Fuel duty freeze extension,2027,48750.0,73883.0,73883.0
fuel_duty_freeze,Fuel duty freeze extension,2027,49500.0,74126.0,74126.0
fuel_duty_freeze,Fuel duty freeze extension,2027,50250.0,74369.0,74369.0
fuel_duty_freeze,Fuel duty freeze extension,2027,51000.0,74632.0,74632.0
fuel_duty_freeze,Fuel duty freeze extension,2027,51750.0,74895.0,74895.0
fuel_duty_freeze,Fuel duty freeze extension,2027,52500.0,50841.0,50841.0
fuel_duty_freeze,Fuel duty freeze extension,2027,53250.0,75421.0,75421.0
fuel_duty_freeze,Fuel duty freeze extension,2027,54000.0,75685.0,75685.0
fuel_duty_freeze,Fuel duty freeze extension,2027,54750.0,75948.0,75948.0
fuel_duty_freeze,Fuel duty freeze extension,2027,55500.0,76211.0,76211.0
fuel_duty_freeze,Fuel duty freeze extension,2027,56250.0,76474.0,76474.0
fuel_duty_freeze,Fuel duty freeze extension,2027,57000.0,76738.0,76738.0
fuel_duty_freeze,Fuel duty freeze extension,2027,57750.0,77001.0,77001.0
fuel_duty_freeze,Fuel duty freeze extension,2027,58500.0,77264.0,77264.0
fuel_duty_freeze,Fuel duty freeze extension,2027,59250.0,77527.0,77527.0
fuel_duty_freeze,Fuel duty freeze extension,2027,60000.0,77791.0,77791.0
fuel_duty_freeze,Fuel duty freeze extension,2027,60750.0,77841.0,77841.0
fuel_duty_freeze,Fuel duty freeze extension,2027,61500.0,77980.0,77980.0
fuel_duty_freeze,Fuel duty freeze extension,2027,62250.0,78120.0,78120.0
fuel_duty_freeze,Fuel duty freeze extension,2027,63000.0,78259.0,78259.0
fuel_duty_freeze,Fuel duty freeze extension,2027,63750.0,78399.0,78399.0
fuel_duty_freeze,Fuel duty freeze extension,2027,64500.0,78538.0,78538.0
fuel_duty_freeze,Fuel duty freeze extension,2027,65250.0,78677.0,78677.0
fuel_duty_freeze,Fuel duty freeze extension,2027,66000.0,78817.0,78817.0
fuel_duty_freeze,Fuel duty freeze extension,2027,66750.0,78956.0,78956.0
fuel_duty_freeze,Fuel duty freeze extension,2027,67500.0,79096.0,79096.0
fuel_duty_freeze,Fuel duty freeze extension,2027,68250.0,79235.0,79235.0
fuel_duty_freeze,Fuel duty freeze extension,2027,69000.0,79375.0,79375.0
fuel_duty_freeze,Fuel duty freeze extension,2027,69750.0,79514.0,79514.0
fuel_duty_freeze,Fuel duty freeze extension,2027,70500.0,79653.0,79653.0
fuel_duty_freeze,Fuel duty freeze extension,2027,71250.0,79793.0,79793.0
fuel_duty_freeze,Fuel duty freeze extension,2027,72000.0,79932.0,79932.0
fuel_duty_freeze,Fuel duty freeze extension,2027,72750.0,80072.0,80072.0
fuel_duty_freeze,Fuel duty freeze extension,2027,73500.0,80211.0,80211.0
fuel_duty_freeze,Fuel duty freeze extension,2027,74250.0,80350.0,80350.0
fuel_duty_freeze,Fuel duty freeze extension,2027,75000.0,80490.0,80490.0
fuel_duty_freeze,Fuel duty freeze extension,2027,75750.0,80629.0,80629.0
fuel_duty_freeze,Fuel duty freeze extension,2027,76500.0,80769.0,80769.0
fuel_duty_freeze,Fuel duty freeze extension,2027,77250.0,80908.0,80908.0
fuel_duty_freeze,Fuel duty freeze extension,2027,78000.0,81048.0,81048.0
fuel_duty_freeze,Fuel duty freeze extension,2027,78750.0,81187.0,81187.0
fuel_duty_freeze,Fuel duty freeze extension,2027,79500.0,81326.0,81326.0
fuel_duty_freeze,Fuel duty freeze extension,2027,80250.0,81485.0,81485.0
fuel_duty_freeze,Fuel duty freeze extension,2027,81000.0,81680.0,81680.0
fuel_duty_freeze,Fuel duty freeze extension,2027,81750.0,81876.0,81876.0
fuel_duty_freeze,Fuel duty freeze extension,2027,82500.0,82072.0,82072.0
fuel_duty_freeze,Fuel duty freeze extension,2027,83250.0,82268.0,82268.0
fuel_duty_freeze,Fuel duty freeze extension,2027,84000.0,82463.0,82463.0
fuel_duty_freeze,Fuel duty freeze extension,2027,84750.0,82659.0,82659.0
fuel_duty_freeze,Fuel duty freeze extension,2027,85500.0,82855.0,82855.0
fuel_duty_freeze,Fuel duty freeze extension,2027,86250.0,83051.0,83051.0
fuel_duty_freeze,Fuel duty freeze extension,2027,87000.0,83246.0,83246.0
fuel_duty_freeze,Fuel duty freeze extension,2027,87750.0,83442.0,83442.0
fuel_duty_freeze,Fuel duty freeze extension,2027,88500.0,83638.0,83638.0
fuel_duty_freeze,Fuel duty freeze extension,2027,89250.0,83834.0,83834.0
fuel_duty_freeze,Fuel duty freeze extension,2027,90000.0,84029.0,84029.0
fuel_duty_freeze,Fuel duty freeze extension,2027,90750.0,84225.0,84225.0
fuel_duty_freeze,Fuel duty freeze extension,2027,91500.0,84421.0,84421.0
fuel_duty_freeze,Fuel duty freeze extension,2027,92250.0,84617.0,84617.0
fuel_duty_freeze,Fuel duty freeze extension,2027,93000.0,84812.0,84812.0
fuel_duty_freeze,Fuel duty freeze extension,2027,93750.0,85008.0,85008.0
fuel_duty_freeze,Fuel duty freeze extension,2027,94500.0,85204.0,85204.0
fuel_duty_freeze,Fuel duty freeze extension,2027,95250.0,85400.0,85400.0
fuel_duty_freeze,Fuel duty freeze extension,2027,96000.0,85595.0,85595.0
fuel_duty_freeze,Fuel duty freeze extension,2027,96750.0,85791.0,85791.0
fuel_duty_freeze,Fuel duty freeze extension,2027,97500.0,85987.0,85987.0
fuel_duty_freeze,Fuel duty freeze extension,2027,98250.0,86183.0,86183.0
fuel_duty_freeze,Fuel duty freeze extension,2027,99000.0,86378.0,86378.0
fuel_duty_freeze,Fuel duty freeze extension,2027,99750.0,86574.0,86574.0
fuel_duty_freeze,Fuel duty freeze extension,2027,100500.0,66231.0,66231.0
fuel_duty_freeze,Fuel duty freeze extension,2027,101250.0,86853.0,86853.0
fuel_duty_freeze,Fuel duty freeze extension,2027,102000.0,66801.0,66801.0
fuel_duty_freeze,Fuel duty freeze extension,2027,102750.0,87110.0,87110.0
fuel_duty_freeze,Fuel duty freeze extension,2027,103500.0,87238.0,87238.0
fuel_duty_freeze,Fuel duty freeze extension,2027,104250.0,87366.0,87366.0
fuel_duty_freeze,Fuel duty freeze extension,2027,105000.0,87494.0,87494.0
fuel_duty_freeze,Fuel duty freeze extension,2027,105750.0,87623.0,87623.0
fuel_duty_freeze,Fuel duty freeze extension,2027,106500.0,68511.0,68511.0
fuel_duty_freeze,Fuel duty freeze extension,2027,107250.0,68796.0,68796.0
fuel_duty_freeze,Fuel duty freeze extension,2027,108000.0,88007.0,88007.0
fuel_duty_freeze,Fuel duty freeze extension,2027,108750.0,88136.0,88136.0
fuel_duty_freeze,Fuel duty freeze extension,2027,109500.0,88264.0,88264.0
fuel_duty_freeze,Fuel duty freeze extension,2027,110250.0,88392.0,88392.0
fuel_duty_freeze,Fuel duty freeze extension,2027,111000.0,88520.0,88520.0
fuel_duty_freeze,Fuel duty freeze extension,2027,111750.0,88649.0,88649.0
fuel_duty_freeze,Fuel duty freeze extension,2027,112500.0,88777.0,88777.0
fuel_duty_freeze,Fuel duty freeze extension,2027,113250.0,88905.0,88905.0
fuel_duty_freeze,Fuel duty freeze extension,2027,114000.0,89033.0,89033.0
fuel_duty_freeze,Fuel duty freeze extension,2027,114750.0,71646.0,71646.0
fuel_duty_freeze,Fuel duty freeze extension,2027,115500.0,89290.0,89290.0
fuel_duty_freeze,Fuel duty freeze extension,2027,116250.0,89418.0,89418.0
fuel_duty_freeze,Fuel duty freeze extension,2027,117000.0,89546.0,89546.0
fuel_duty_freeze,Fuel duty freeze extension,2027,117750.0,89675.0,89675.0
fuel_duty_freeze,Fuel duty freeze extension,2027,118500.0,89803.0,89803.0
fuel_duty_freeze,Fuel duty freeze extension,2027,119250.0,89931.0,89931.0
fuel_duty_freeze,Fuel duty freeze extension,2027,120000.0,90059.0,90059.0
fuel_duty_freeze,Fuel duty freeze extension,2027,120750.0,90188.0,90188.0
fuel_duty_freeze,Fuel duty freeze extension,2027,121500.0,90316.0,90316.0
fuel_duty_freeze,Fuel duty freeze extension,2027,122250.0,90444.0,90444.0
fuel_duty_freeze,Fuel duty freeze extension,2027,123000.0,90572.0,90572.0
fuel_duty_freeze,Fuel duty freeze extension,2027,123750.0,90701.0,90701.0
fuel_duty_freeze,Fuel duty freeze extension,2027,124500.0,90829.0,90829.0
fuel_duty_freeze,Fuel duty freeze extension,2027,125250.0,90967.0,90967.0
fuel_duty_freeze,Fuel duty freeze extension,2027,126000.0,91163.0,91163.0
fuel_duty_freeze,Fuel duty freeze extension,2027,126750.0,91359.0,91359.0
fuel_duty_freeze,Fuel duty freeze extension,2027,127500.0,91554.0,91554.0
fuel_duty_freeze,Fuel duty freeze extension,2027,128250.0,91750.0,91750.0
fuel_duty_freeze,Fuel duty freeze extension,2027,129000.0,77833.0,77833.0
fuel_duty_freeze,Fuel duty freeze extension,2027,129750.0,92142.0,92142.0
fuel_duty_freeze,Fuel duty freeze extension,2027,130500.0,92337.0,92337.0
fuel_duty_freeze,Fuel duty freeze extension,2027,131250.0,79138.0,79138.0
fuel_duty_freeze,Fuel duty freeze extension,2027,132000.0,92729.0,92729.0
fuel_duty_freeze,Fuel duty freeze extension,2027,132750.0,80008.0,80008.0
fuel_duty_freeze,Fuel duty freeze extension,2027,133500.0,93120.0,93120.0
fuel_duty_freeze,Fuel duty freeze extension,2027,134250.0,93316.0,93316.0
fuel_duty_freeze,Fuel duty freeze extension,2027,135000.0,93512.0,93512.0
fuel_duty_freeze,Fuel duty freeze extension,2027,135750.0,93694.0,93694.0
fuel_duty_freeze,Fuel duty freeze extension,2027,136500.0,93873.0,93873.0
fuel_duty_freeze,Fuel duty freeze extension,2027,137250.0,94052.0,94052.0
fuel_duty_freeze,Fuel duty freeze extension,2027,138000.0,82910.0,82910.0
fuel_duty_freeze,Fuel duty freeze extension,2027,138750.0,94409.0,94409.0
fuel_duty_freeze,Fuel duty freeze extension,2027,139500.0,83705.0,83705.0
fuel_duty_freeze,Fuel duty freeze extension,2027,140250.0,94767.0,94767.0
fuel_duty_freeze,Fuel duty freeze extension,2027,141000.0,94946.0,94946.0
fuel_duty_freeze,Fuel duty freeze extension,2027,141750.0,95125.0,95125.0
fuel_duty_freeze,Fuel duty freeze extension,2027,142500.0,95304.0,95304.0
fuel_duty_freeze,Fuel duty freeze extension,2027,143250.0,95483.0,95483.0
fuel_duty_freeze,Fuel duty freeze extension,2027,144000.0,95661.0,95661.0
fuel_duty_freeze,Fuel duty freeze extension,2027,144750.0,95840.0,95840.0
fuel_duty_freeze,Fuel duty freeze extension,2027,145500.0,96019.0,96019.0
fuel_duty_freeze,Fuel duty freeze extension,2027,146250.0,96198.0,96198.0
fuel_duty_freeze,Fuel duty freeze extension,2027,147000.0,96377.0,96377.0
fuel_duty_freeze,Fuel duty freeze extension,2027,147750.0,88078.0,88078.0
fuel_duty_freeze,Fuel duty freeze extension,2027,148500.0,88475.0,88475.0
fuel_duty_freeze,Fuel duty freeze extension,2027,149250.0,96914.0,96914.0
fuel_duty_freeze,Fuel duty freeze extension,2027,150000.0,97092.0,97092.0
fuel_duty_freeze,Fuel duty freeze extension,2028,0.0,12831.0,12831.0
fuel_duty_freeze,Fuel duty freeze extension,2028,750.0,13581.0,13581.0
fuel_duty_freeze,Fuel duty freeze extension,2028,1500.0,14331.0,14331.0
fuel_duty_freeze,Fuel duty freeze extension,2028,2250.0,15081.0,15081.0
fuel_duty_freeze,Fuel duty freeze extension,2028,3000.0,15831.0,15831.0
fuel_duty_freeze,Fuel duty freeze extension,2028,3750.0,16581.0,16581.0
fuel_duty_freeze,Fuel duty freeze extension,2028,4500.0,17331.0,17331.0
fuel_duty_freeze,Fuel duty freeze extension,2028,5250.0,18081.0,18081.0
fuel_duty_freeze,Fuel duty freeze extension,2028,6000.0,18831.0,18831.0
fuel_duty_freeze,Fuel duty freeze extension,2028,6750.0,19581.0,19581.0
fuel_duty_freeze,Fuel duty freeze extension,2028,7500.0,20331.0,20331.0
fuel_duty_freeze,Fuel duty freeze extension,2028,8250.0,21081.0,21081.0
fuel_duty_freeze,Fuel duty freeze extension,2028,9000.0,21831.0,21831.0
fuel_duty_freeze,Fuel duty freeze extension,2028,9750.0,22581.0,22581.0
fuel_duty_freeze,Fuel duty freeze extension,2028,10500.0,23331.0,23331.0
fuel_duty_freeze,Fuel duty freeze extension,2028,11250.0,24081.0,24081.0
fuel_duty_freeze,Fuel duty freeze extension,2028,12000.0,24831.0,24831.0
fuel_duty_freeze,Fuel duty freeze extension,2028,12750.0,25581.0,25581.0
fuel_duty_freeze,Fuel duty freeze extension,2028,13500.0,26277.0,26277.0
fuel_duty_freeze,Fuel duty freeze extension,2028,14250.0,26967.0,26967.0
fuel_duty_freeze,Fuel duty freeze extension,2028,15000.0,27657.0,27657.0
fuel_duty_freeze,Fuel duty freeze extension,2028,15750.0,28347.0,28347.0
fuel_duty_freeze,Fuel duty freeze extension,2028,16500.0,29037.0,29037.0
fuel_duty_freeze,Fuel duty freeze extension,2028,17250.0,29727.0,29727.0
fuel_duty_freeze,Fuel duty freeze extension,2028,18000.0,30417.0,30417.0
fuel_duty_freeze,Fuel duty freeze extension,2028,18750.0,31107.0,31107.0
fuel_duty_freeze,Fuel duty freeze extension,2028,19500.0,31749.0,31749.0
fuel_duty_freeze,Fuel duty freeze extension,2028,20250.0,32059.0,32059.0
fuel_duty_freeze,Fuel duty freeze extension,2028,21000.0,32370.0,32370.0
fuel_duty_freeze,Fuel duty freeze extension,2028,21750.0,32680.0,32680.0
fuel_duty_freeze,Fuel duty freeze extension,2028,22500.0,32991.0,32991.0
fuel_duty_freeze,Fuel duty freeze extension,2028,23250.0,33301.0,33301.0
fuel_duty_freeze,Fuel duty freeze extension,2028,24000.0,33596.0,33596.0
fuel_duty_freeze,Fuel duty freeze extension,2028,24750.0,33839.0,33839.0
fuel_duty_freeze,Fuel duty freeze extension,2028,25500.0,34082.0,34082.0
fuel_duty_freeze,Fuel duty freeze extension,2028,26250.0,34325.0,34325.0
fuel_duty_freeze,Fuel duty freeze extension,2028,27000.0,34568.0,34568.0
fuel_duty_freeze,Fuel duty freeze extension,2028,27750.0,34811.0,34811.0
fuel_duty_freeze,Fuel duty freeze extension,2028,28500.0,35054.0,35054.0
fuel_duty_freeze,Fuel duty freeze extension,2028,29250.0,35297.0,35297.0
fuel_duty_freeze,Fuel duty freeze extension,2028,30000.0,35540.0,35540.0
fuel_duty_freeze,Fuel duty freeze extension,2028,30750.0,35783.0,35783.0
fuel_duty_freeze,Fuel duty freeze extension,2028,31500.0,36026.0,36026.0
fuel_duty_freeze,Fuel duty freeze extension,2028,32250.0,36269.0,36269.0
fuel_duty_freeze,Fuel duty freeze extension,2028,33000.0,36512.0,36512.0
fuel_duty_freeze,Fuel duty freeze extension,2028,33750.0,36755.0,36755.0
fuel_duty_freeze,Fuel duty freeze extension,2028,34500.0,36998.0,36998.0
fuel_duty_freeze,Fuel duty freeze extension,2028,35250.0,37241.0,37241.0
fuel_duty_freeze,Fuel duty freeze extension,2028,36000.0,37484.0,37484.0
fuel_duty_freeze,Fuel duty freeze extension,2028,36750.0,37727.0,37727.0
fuel_duty_freeze,Fuel duty freeze extension,2028,37500.0,37970.0,37970.0
fuel_duty_freeze,Fuel duty freeze extension,2028,38250.0,38213.0,38213.0
fuel_duty_freeze,Fuel duty freeze extension,2028,39000.0,38456.0,38456.0
fuel_duty_freeze,Fuel duty freeze extension,2028,39750.0,38699.0,38699.0
fuel_duty_freeze,Fuel duty freeze extension,2028,40500.0,38942.0,38942.0
fuel_duty_freeze,Fuel duty freeze extension,2028,41250.0,39185.0,39185.0
fuel_duty_freeze,Fuel duty freeze extension,2028,42000.0,39428.0,39428.0
fuel_duty_freeze,Fuel duty freeze extension,2028,42750.0,39671.0,39671.0
fuel_duty_freeze,Fuel duty freeze extension,2028,43500.0,39914.0,39914.0
fuel_duty_freeze,Fuel duty freeze extension,2028,44250.0,40157.0,40157.0
fuel_duty_freeze,Fuel duty freeze extension,2028,45000.0,40400.0,40400.0
fuel_duty_freeze,Fuel duty freeze extension,2028,45750.0,40643.0,40643.0
fuel_duty_freeze,Fuel duty freeze extension,2028,46500.0,40886.0,40886.0
fuel_duty_freeze,Fuel duty freeze extension,2028,47250.0,41129.0,41129.0
fuel_duty_freeze,Fuel duty freeze extension,2028,48000.0,41372.0,41372.0
fuel_duty_freeze,Fuel duty freeze extension,2028,48750.0,41615.0,41615.0
fuel_duty_freeze,Fuel duty freeze extension,2028,49500.0,41858.0,41858.0
fuel_duty_freeze,Fuel duty freeze extension,2028,50250.0,42101.0,42101.0
fuel_duty_freeze,Fuel duty freeze extension,2028,51000.0,42344.0,42344.0
fuel_duty_freeze,Fuel duty freeze extension,2028,51750.0,42600.0,42600.0
fuel_duty_freeze,Fuel duty freeze extension,2028,52500.0,42863.0,42863.0
fuel_duty_freeze,Fuel duty freeze extension,2028,53250.0,43126.0,43126.0
fuel_duty_freeze,Fuel duty freeze extension,2028,54000.0,43389.0,43389.0
fuel_duty_freeze,Fuel duty freeze extension,2028,54750.0,43653.0,43653.0
fuel_duty_freeze,Fuel duty freeze extension,2028,55500.0,43916.0,43916.0
fuel_duty_freeze,Fuel duty freeze extension,2028,56250.0,44179.0,44179.0
fuel_duty_freeze,Fuel duty freeze extension,2028,57000.0,44442.0,44442.0
fuel_duty_freeze,Fuel duty freeze extension,2028,57750.0,44722.0,44722.0
fuel_duty_freeze,Fuel duty freeze extension,2028,58500.0,45307.0,45307.0
fuel_duty_freeze,Fuel duty freeze extension,2028,59250.0,45892.0,45892.0
fuel_duty_freeze,Fuel duty freeze extension,2028,60000.0,46477.0,46477.0
fuel_duty_freeze,Fuel duty freeze extension,2028,60750.0,46587.0,46587.0
fuel_duty_freeze,Fuel duty freeze extension,2028,61500.0,46894.0,46894.0
fuel_duty_freeze,Fuel duty freeze extension,2028,62250.0,47201.0,47201.0
fuel_duty_freeze,Fuel duty freeze extension,2028,63000.0,47509.0,47509.0
fuel_duty_freeze,Fuel duty freeze extension,2028,63750.0,47816.0,47816.0
fuel_duty_freeze,Fuel duty freeze extension,2028,64500.0,48123.0,48123.0
fuel_duty_freeze,Fuel duty freeze extension,2028,65250.0,48431.0,48431.0
fuel_duty_freeze,Fuel duty freeze extension,2028,66000.0,48738.0,48738.0
fuel_duty_freeze,Fuel duty freeze extension,2028,66750.0,49045.0,49045.0
fuel_duty_freeze,Fuel duty freeze extension,2028,67500.0,49352.0,49352.0
fuel_duty_freeze,Fuel duty freeze extension,2028,68250.0,49660.0,49660.0
fuel_duty_freeze,Fuel duty freeze extension,2028,69000.0,49967.0,49967.0
fuel_duty_freeze,Fuel duty freeze extension,2028,69750.0,50274.0,50274.0
fuel_duty_freeze,Fuel duty freeze extension,2028,70500.0,50582.0,50582.0
fuel_duty_freeze,Fuel duty freeze extension,2028,71250.0,50889.0,50889.0
fuel_duty_freeze,Fuel duty freeze extension,2028,72000.0,51196.0,51196.0
fuel_duty_freeze,Fuel duty freeze extension,2028,72750.0,51504.0,51504.0
fuel_duty_freeze,Fuel duty freeze extension,2028,73500.0,51811.0,51811.0
fuel_duty_freeze,Fuel duty freeze extension,2028,74250.0,52118.0,52118.0
fuel_duty_freeze,Fuel duty freeze extension,2028,75000.0,52425.0,52425.0
fuel_duty_freeze,Fuel duty freeze extension,2028,75750.0,52733.0,52733.0
fuel_duty_freeze,Fuel duty freeze extension,2028,76500.0,53040.0,53040.0
fuel_duty_freeze,Fuel duty freeze extension,2028,77250.0,53347.0,53347.0
fuel_duty_freeze,Fuel duty freeze extension,2028,78000.0,53655.0,53655.0
fuel_duty_freeze,Fuel duty freeze extension,2028,78750.0,53962.0,53962.0
fuel_duty_freeze,Fuel duty freeze extension,2028,79500.0,54269.0,54269.0
fuel_duty_freeze,Fuel duty freeze extension,2028,80250.0,54619.0,54619.0
fuel_duty_freeze,Fuel duty freeze extension,2028,81000.0,55054.0,55054.0
fuel_duty_freeze,Fuel duty freeze extension,2028,81750.0,55489.0,55489.0
fuel_duty_freeze,Fuel duty freeze extension,2028,82500.0,55924.0,55924.0
fuel_duty_freeze,Fuel duty freeze extension,2028,83250.0,56359.0,56359.0
fuel_duty_freeze,Fuel duty freeze extension,2028,84000.0,56794.0,56794.0
fuel_duty_freeze,Fuel duty freeze extension,2028,84750.0,57229.0,57229.0
fuel_duty_freeze,Fuel duty freeze extension,2028,85500.0,57664.0,57664.0
fuel_duty_freeze,Fuel duty freeze extension,2028,86250.0,58099.0,58099.0
fuel_duty_freeze,Fuel duty freeze extension,2028,87000.0,58534.0,58534.0
fuel_duty_freeze,Fuel duty freeze extension,2028,87750.0,58969.0,58969.0
fuel_duty_freeze,Fuel duty freeze extension,2028,88500.0,59404.0,59404.0
fuel_duty_freeze,Fuel duty freeze extension,2028,89250.0,59839.0,59839.0
fuel_duty_freeze,Fuel duty freeze extension,2028,90000.0,60274.0,60274.0
fuel_duty_freeze,Fuel duty freeze extension,2028,90750.0,60709.0,60709.0
fuel_duty_freeze,Fuel duty freeze extension,2028,91500.0,61144.0,61144.0
fuel_duty_freeze,Fuel duty freeze extension,2028,92250.0,61579.0,61579.0
fuel_duty_freeze,Fuel duty freeze extension,2028,93000.0,62014.0,62014.0
fuel_duty_freeze,Fuel duty freeze extension,2028,93750.0,62449.0,62449.0
fuel_duty_freeze,Fuel duty freeze extension,2028,94500.0,62884.0,62884.0
fuel_duty_freeze,Fuel duty freeze extension,2028,95250.0,63319.0,63319.0
fuel_duty_freeze,Fuel duty freeze extension,2028,96000.0,63754.0,63754.0
fuel_duty_freeze,Fuel duty freeze extension,2028,96750.0,64189.0,64189.0
fuel_duty_freeze,Fuel duty freeze extension,2028,97500.0,64624.0,64624.0
fuel_duty_freeze,Fuel duty freeze extension,2028,98250.0,65059.0,65059.0
fuel_duty_freeze,Fuel duty freeze extension,2028,99000.0,65494.0,65494.0
fuel_duty_freeze,Fuel duty freeze extension,2028,99750.0,65929.0,65929.0
fuel_duty_freeze,Fuel duty freeze extension,2028,100500.0,66264.0,66264.0
fuel_duty_freeze,Fuel duty freeze extension,2028,101250.0,66549.0,66549.0
fuel_duty_freeze,Fuel duty freeze extension,2028,102000.0,66834.0,66834.0
fuel_duty_freeze,Fuel duty freeze extension,2028,102750.0,67119.0,67119.0
fuel_duty_freeze,Fuel duty freeze extension,2028,103500.0,67404.0,67404.0
fuel_duty_freeze,Fuel duty freeze extension,2028,104250.0,67689.0,67689.0
fuel_duty_freeze,Fuel duty freeze extension,2028,105000.0,67974.0,67974.0
fuel_duty_freeze,Fuel duty freeze extension,2028,105750.0,68259.0,68259.0
fuel_duty_freeze,Fuel duty freeze extension,2028,106500.0,68544.0,68544.0
fuel_duty_freeze,Fuel duty freeze extension,2028,107250.0,68829.0,68829.0
fuel_duty_freeze,Fuel duty freeze extension,2028,108000.0,69114.0,69114.0
fuel_duty_freeze,Fuel duty freeze extension,2028,108750.0,69399.0,69399.0
fuel_duty_freeze,Fuel duty freeze extension,2028,109500.0,69684.0,69684.0
fuel_duty_freeze,Fuel duty freeze extension,2028,110250.0,69969.0,69969.0
fuel_duty_freeze,Fuel duty freeze extension,2028,111000.0,70254.0,70254.0
fuel_duty_freeze,Fuel duty freeze extension,2028,111750.0,70539.0,70539.0
fuel_duty_freeze,Fuel duty freeze extension,2028,112500.0,70824.0,70824.0
fuel_duty_freeze,Fuel duty freeze extension,2028,113250.0,71109.0,71109.0
fuel_duty_freeze,Fuel duty freeze extension,2028,114000.0,71394.0,71394.0
fuel_duty_freeze,Fuel duty freeze extension,2028,114750.0,71679.0,71679.0
fuel_duty_freeze,Fuel duty freeze extension,2028,115500.0,71964.0,71964.0
fuel_duty_freeze,Fuel duty freeze extension,2028,116250.0,72249.0,72249.0
fuel_duty_freeze,Fuel duty freeze extension,2028,117000.0,72534.0,72534.0
fuel_duty_freeze,Fuel duty freeze extension,2028,117750.0,72819.0,72819.0
fuel_duty_freeze,Fuel duty freeze extension,2028,118500.0,73104.0,73104.0
fuel_duty_freeze,Fuel duty freeze extension,2028,119250.0,73389.0,73389.0
fuel_duty_freeze,Fuel duty freeze extension,2028,120000.0,73674.0,73674.0
fuel_duty_freeze,Fuel duty freeze extension,2028,120750.0,73959.0,73959.0
fuel_duty_freeze,Fuel duty freeze extension,2028,121500.0,74244.0,74244.0
fuel_duty_freeze,Fuel duty freeze extension,2028,122250.0,74529.0,74529.0
fuel_duty_freeze,Fuel duty freeze extension,2028,123000.0,74814.0,74814.0
fuel_duty_freeze,Fuel duty freeze extension,2028,123750.0,75099.0,75099.0
fuel_duty_freeze,Fuel duty freeze extension,2028,124500.0,75384.0,75384.0
fuel_duty_freeze,Fuel duty freeze extension,2028,125250.0,75691.0,75691.0
fuel_duty_freeze,Fuel duty freeze extension,2028,126000.0,76126.0,76126.0
fuel_duty_freeze,Fuel duty freeze extension,2028,126750.0,76561.0,76561.0
fuel_duty_freeze,Fuel duty freeze extension,2028,127500.0,76996.0,76996.0
fuel_duty_freeze,Fuel duty freeze extension,2028,128250.0,77431.0,77431.0
fuel_duty_freeze,Fuel duty freeze extension,2028,129000.0,77866.0,77866.0
fuel_duty_freeze,Fuel duty freeze extension,2028,129750.0,78301.0,78301.0
fuel_duty_freeze,Fuel duty freeze extension,2028,130500.0,78736.0,78736.0
fuel_duty_freeze,Fuel duty freeze extension,2028,131250.0,79171.0,79171.0
fuel_duty_freeze,Fuel duty freeze extension,2028,132000.0,79606.0,79606.0
fuel_duty_freeze,Fuel duty freeze extension,2028,132750.0,80041.0,80041.0
fuel_duty_freeze,Fuel duty freeze extension,2028,133500.0,80476.0,80476.0
fuel_duty_freeze,Fuel duty freeze extension,2028,134250.0,80911.0,80911.0
fuel_duty_freeze,Fuel duty freeze extension,2028,135000.0,81346.0,81346.0
fuel_duty_freeze,Fuel duty freeze extension,2028,135750.0,81751.0,81751.0
fuel_duty_freeze,Fuel duty freeze extension,2028,136500.0,82148.0,82148.0
fuel_duty_freeze,Fuel duty freeze extension,2028,137250.0,82546.0,82546.0
fuel_duty_freeze,Fuel duty freeze extension,2028,138000.0,82943.0,82943.0
fuel_duty_freeze,Fuel duty freeze extension,2028,138750.0,83341.0,83341.0
fuel_duty_freeze,Fuel duty freeze extension,2028,139500.0,83738.0,83738.0
fuel_duty_freeze,Fuel duty freeze extension,2028,140250.0,84136.0,84136.0
fuel_duty_freeze,Fuel duty freeze extension,2028,141000.0,84533.0,84533.0
fuel_duty_freeze,Fuel duty freeze extension,2028,141750.0,84931.0,84931.0
fuel_duty_freeze,Fuel duty freeze extension,2028,142500.0,85328.0,85328.0
fuel_duty_freeze,Fuel duty freeze extension,2028,143250.0,85726.0,85726.0
fuel_duty_freeze,Fuel duty freeze extension,2028,144000.0,86123.0,86123.0
fuel_duty_freeze,Fuel duty freeze extension,2028,144750.0,86521.0,86521.0
fuel_duty_freeze,Fuel duty freeze extension,2028,145500.0,86918.0,86918.0
fuel_duty_freeze,Fuel duty freeze extension,2028,146250.0,87316.0,87316.0
fuel_duty_freeze,Fuel duty freeze extension,2028,147000.0,87713.0,87713.0
fuel_duty_freeze,Fuel duty freeze extension,2028,147750.0,88111.0,88111.0
fuel_duty_freeze,Fuel duty freeze extension,2028,148500.0,88508.0,88508.0
fuel_duty_freeze,Fuel duty freeze extension,2028,149250.0,88906.0,88906.0
fuel_duty_freeze,Fuel duty freeze extension,2028,150000.0,89303.0,89303.0
fuel_duty_freeze,Fuel duty freeze extension,2029,0.0,13529.0,13529.0
fuel_duty_freeze,Fuel duty freeze extension,2029,750.0,14279.0,14279.0
fuel_duty_freeze,Fuel duty freeze extension,2029,1500.0,15029.0,15029.0
fuel_duty_freeze,Fuel duty freeze extension,2029,2250.0,15779.0,15779.0
fuel_duty_freeze,Fuel duty freeze extension,2029,3000.0,16529.0,16529.0
fuel_duty_freeze,Fuel duty freeze extension,2029,3750.0,17279.0,17279.0
fuel_duty_freeze,Fuel duty freeze extension,2029,4500.0,18029.0,18029.0
fuel_duty_freeze,Fuel duty freeze extension,2029,5250.0,18779.0,18779.0
fuel_duty_freeze,Fuel duty freeze extension,2029,6000.0,19529.0,19529.0
fuel_duty_freeze,Fuel duty freeze extension,2029,6750.0,20279.0,20279.0
fuel_duty_freeze,Fuel duty freeze extension,2029,7500.0,21029.0,21029.0
fuel_duty_freeze,Fuel duty freeze extension,2029,8250.0,21779.0,21779.0
fuel_duty_freeze,Fuel duty freeze extension,2029,9000.0,22529.0,22529.0
fuel_duty_freeze,Fuel duty freeze extension,2029,9750.0,23279.0,23279.0
fuel_duty_freeze,Fuel duty freeze extension,2029,10500.0,24029.0,24029.0
fuel_duty_freeze,Fuel duty freeze extension,2029,11250.0,24779.0,24779.0
fuel_duty_freeze,Fuel duty freeze extension,2029,12000.0,25529.0,25529.0
fuel_duty_freeze,Fuel duty freeze extension,2029,12750.0,26279.0,26279.0
fuel_duty_freeze,Fuel duty freeze extension,2029,13500.0,26996.0,26996.0
fuel_duty_freeze,Fuel duty freeze extension,2029,14250.0,27686.0,27686.0
fuel_duty_freeze,Fuel duty freeze extension,2029,15000.0,28376.0,28376.0
fuel_duty_freeze,Fuel duty freeze extension,2029,15750.0,29066.0,29066.0
fuel_duty_freeze,Fuel duty freeze extension,2029,16500.0,29756.0,29756.0
fuel_duty_freeze,Fuel duty freeze extension,2029,17250.0,30446.0,30446.0
fuel_duty_freeze,Fuel duty freeze extension,2029,18000.0,31136.0,31136.0
fuel_duty_freeze,Fuel duty freeze extension,2029,18750.0,31826.0,31826.0
fuel_duty_freeze,Fuel duty freeze extension,2029,19500.0,32516.0,32516.0
fuel_duty_freeze,Fuel duty freeze extension,2029,20250.0,32865.0,32865.0
fuel_duty_freeze,Fuel duty freeze extension,2029,21000.0,33176.0,33176.0
fuel_duty_freeze,Fuel duty freeze extension,2029,21750.0,33486.0,33486.0
fuel_duty_freeze,Fuel duty freeze extension,2029,22500.0,33797.0,33797.0
fuel_duty_freeze,Fuel duty freeze extension,2029,23250.0,34107.0,34107.0
fuel_duty_freeze,Fuel duty freeze extension,2029,24000.0,34403.0,34403.0
fuel_duty_freeze,Fuel duty freeze extension,2029,24750.0,34646.0,34646.0
fuel_duty_freeze,Fuel duty freeze extension,2029,25500.0,34889.0,34889.0
fuel_duty_freeze,Fuel duty freeze extension,2029,26250.0,35132.0,35132.0
fuel_duty_freeze,Fuel duty freeze extension,2029,27000.0,35375.0,35375.0
fuel_duty_freeze,Fuel duty freeze extension,2029,27750.0,35618.0,35618.0
fuel_duty_freeze,Fuel duty freeze extension,2029,28500.0,35861.0,35861.0
fuel_duty_freeze,Fuel duty freeze extension,2029,29250.0,36104.0,36104.0
fuel_duty_freeze,Fuel duty freeze extension,2029,30000.0,36347.0,36347.0
fuel_duty_freeze,Fuel duty freeze extension,2029,30750.0,36590.0,36590.0
fuel_duty_freeze,Fuel duty freeze extension,2029,31500.0,36833.0,36833.0
fuel_duty_freeze,Fuel duty freeze extension,2029,32250.0,37076.0,37076.0
fuel_duty_freeze,Fuel duty freeze extension,2029,33000.0,37319.0,37319.0
fuel_duty_freeze,Fuel duty freeze extension,2029,33750.0,37562.0,37562.0
fuel_duty_freeze,Fuel duty freeze extension,2029,34500.0,37805.0,37805.0
fuel_duty_freeze,Fuel duty freeze extension,2029,35250.0,38048.0,38048.0
fuel_duty_freeze,Fuel duty freeze extension,2029,36000.0,38291.0,38291.0
fuel_duty_freeze,Fuel duty freeze extension,2029,36750.0,38534.0,38534.0
fuel_duty_freeze,Fuel duty freeze extension,2029,37500.0,38777.0,38777.0
fuel_duty_freeze,Fuel duty freeze extension,2029,38250.0,39020.0,39020.0
fuel_duty_freeze,Fuel duty freeze extension,2029,39000.0,39263.0,39263.0
fuel_duty_freeze,Fuel duty freeze extension,2029,39750.0,39506.0,39506.0
fuel_duty_freeze,Fuel duty freeze extension,2029,40500.0,39749.0,39749.0
fuel_duty_freeze,Fuel duty freeze extension,2029,41250.0,39992.0,39992.0
fuel_duty_freeze,Fuel duty freeze extension,2029,42000.0,40235.0,40235.0
fuel_duty_freeze,Fuel duty freeze extension,2029,42750.0,40478.0,40478.0
fuel_duty_freeze,Fuel duty freeze extension,2029,43500.0,40721.0,40721.0
fuel_duty_freeze,Fuel duty freeze extension,2029,44250.0,40964.0,40964.0
fuel_duty_freeze,Fuel duty freeze extension,2029,45000.0,41207.0,41207.0
fuel_duty_freeze,Fuel duty freeze extension,2029,45750.0,41450.0,41450.0
fuel_duty_freeze,Fuel duty freeze extension,2029,46500.0,41693.0,41693.0
fuel_duty_freeze,Fuel duty freeze extension,2029,47250.0,41936.0,41936.0
fuel_duty_freeze,Fuel duty freeze extension,2029,48000.0,42179.0,42179.0
fuel_duty_freeze,Fuel duty freeze extension,2029,48750.0,42422.0,42422.0
fuel_duty_freeze,Fuel duty freeze extension,2029,49500.0,42665.0,42665.0
fuel_duty_freeze,Fuel duty freeze extension,2029,50250.0,42908.0,42908.0
fuel_duty_freeze,Fuel duty freeze extension,2029,51000.0,43151.0,43151.0
fuel_duty_freeze,Fuel duty freeze extension,2029,51750.0,43394.0,43394.0
fuel_duty_freeze,Fuel duty freeze extension,2029,52500.0,43641.0,43641.0
fuel_duty_freeze,Fuel duty freeze extension,2029,53250.0,43904.0,43904.0
fuel_duty_freeze,Fuel duty freeze extension,2029,54000.0,44167.0,44167.0
fuel_duty_freeze,Fuel duty freeze extension,2029,54750.0,44431.0,44431.0
fuel_duty_freeze,Fuel duty freeze extension,2029,55500.0,44694.0,44694.0
fuel_duty_freeze,Fuel duty freeze extension,2029,56250.0,44957.0,44957.0
fuel_duty_freeze,Fuel duty freeze extension,2029,57000.0,45220.0,45220.0
fuel_duty_freeze,Fuel duty freeze extension,2029,57750.0,45484.0,45484.0
fuel_duty_freeze,Fuel duty freeze extension,2029,58500.0,45747.0,45747.0
fuel_duty_freeze,Fuel duty freeze extension,2029,59250.0,46010.0,46010.0
fuel_duty_freeze,Fuel duty freeze extension,2029,60000.0,46581.0,46581.0
fuel_duty_freeze,Fuel duty freeze extension,2029,60750.0,46688.0,46688.0
fuel_duty_freeze,Fuel duty freeze extension,2029,61500.0,46992.0,46992.0
fuel_duty_freeze,Fuel duty freeze extension,2029,62250.0,47297.0,47297.0
fuel_duty_freeze,Fuel duty freeze extension,2029,63000.0,47602.0,47602.0
fuel_duty_freeze,Fuel duty freeze extension,2029,63750.0,47906.0,47906.0
fuel_duty_freeze,Fuel duty freeze extension,2029,64500.0,48211.0,48211.0
fuel_duty_freeze,Fuel duty freeze extension,2029,65250.0,48516.0,48516.0
fuel_duty_freeze,Fuel duty freeze extension,2029,66000.0,48820.0,48820.0
fuel_duty_freeze,Fuel duty freeze extension,2029,66750.0,49125.0,49125.0
fuel_duty_freeze,Fuel duty freeze extension,2029,67500.0,49430.0,49430.0
fuel_duty_freeze,Fuel duty freeze extension,2029,68250.0,49735.0,49735.0
fuel_duty_freeze,Fuel duty freeze extension,2029,69000.0,50039.0,50039.0
fuel_duty_freeze,Fuel duty freeze extension,2029,69750.0,50344.0,50344.0
fuel_duty_freeze,Fuel duty freeze extension,2029,70500.0,50649.0,50649.0
fuel_duty_freeze,Fuel duty freeze extension,2029,71250.0,50953.0,50953.0
fuel_duty_freeze,Fuel duty freeze extension,2029,72000.0,51258.0,51258.0
fuel_duty_freeze,Fuel duty freeze extension,2029,72750.0,51563.0,51563.0
fuel_duty_freeze,Fuel duty freeze extension,2029,73500.0,51867.0,51867.0
fuel_duty_freeze,Fuel duty freeze extension,2029,74250.0,52172.0,52172.0
fuel_duty_freeze,Fuel duty freeze extension,2029,75000.0,52477.0,52477.0
fuel_duty_freeze,Fuel duty freeze extension,2029,75750.0,52781.0,52781.0
fuel_duty_freeze,Fuel duty freeze extension,2029,76500.0,53086.0,53086.0
fuel_duty_freeze,Fuel duty freeze extension,2029,77250.0,53391.0,53391.0
fuel_duty_freeze,Fuel duty freeze extension,2029,78000.0,53696.0,53696.0
fuel_duty_freeze,Fuel duty freeze extension,2029,78750.0,54000.0,54000.0
fuel_duty_freeze,Fuel duty freeze extension,2029,79500.0,54305.0,54305.0
fuel_duty_freeze,Fuel duty freeze extension,2029,80250.0,54653.0,54653.0
fuel_duty_freeze,Fuel duty freeze extension,2029,81000.0,55088.0,55088.0
fuel_duty_freeze,Fuel duty freeze extension,2029,81750.0,55523.0,55523.0
fuel_duty_freeze,Fuel duty freeze extension,2029,82500.0,55958.0,55958.0
fuel_duty_freeze,Fuel duty freeze extension,2029,83250.0,56393.0,56393.0
fuel_duty_freeze,Fuel duty freeze extension,2029,84000.0,56828.0,56828.0
fuel_duty_freeze,Fuel duty freeze extension,2029,84750.0,57263.0,57263.0
fuel_duty_freeze,Fuel duty freeze extension,2029,85500.0,57698.0,57698.0
fuel_duty_freeze,Fuel duty freeze extension,2029,86250.0,58133.0,58133.0
fuel_duty_freeze,Fuel duty freeze extension,2029,87000.0,58568.0,58568.0
fuel_duty_freeze,Fuel duty freeze extension,2029,87750.0,59003.0,59003.0
fuel_duty_freeze,Fuel duty freeze extension,2029,88500.0,59438.0,59438.0
fuel_duty_freeze,Fuel duty freeze extension,2029,89250.0,59873.0,59873.0
fuel_duty_freeze,Fuel duty freeze extension,2029,90000.0,60308.0,60308.0
fuel_duty_freeze,Fuel duty freeze extension,2029,90750.0,60743.0,60743.0
fuel_duty_freeze,Fuel duty freeze extension,2029,91500.0,61178.0,61178.0
fuel_duty_freeze,Fuel duty freeze extension,2029,92250.0,61613.0,61613.0
fuel_duty_freeze,Fuel duty freeze extension,2029,93000.0,62048.0,62048.0
fuel_duty_freeze,Fuel duty freeze extension,2029,93750.0,62483.0,62483.0
fuel_duty_freeze,Fuel duty freeze extension,2029,94500.0,62918.0,62918.0
fuel_duty_freeze,Fuel duty freeze extension,2029,95250.0,63353.0,63353.0
fuel_duty_freeze,Fuel duty freeze extension,2029,96000.0,63788.0,63788.0
fuel_duty_freeze,Fuel duty freeze extension,2029,96750.0,64223.0,64223.0
fuel_duty_freeze,Fuel duty freeze extension,2029,97500.0,64658.0,64658.0
fuel_duty_freeze,Fuel duty freeze extension,2029,98250.0,65093.0,65093.0
fuel_duty_freeze,Fuel duty freeze extension,2029,99000.0,65528.0,65528.0
fuel_duty_freeze,Fuel duty freeze extension,2029,99750.0,65963.0,65963.0
fuel_duty_freeze,Fuel duty freeze extension,2029,100500.0,66298.0,66298.0
fuel_duty_freeze,Fuel duty freeze extension,2029,101250.0,66583.0,66583.0
fuel_duty_freeze,Fuel duty freeze extension,2029,102000.0,66868.0,66868.0
fuel_duty_freeze,Fuel duty freeze extension,2029,102750.0,67153.0,67153.0
fuel_duty_freeze,Fuel duty freeze extension,2029,103500.0,67438.0,67438.0
fuel_duty_freeze,Fuel duty freeze extension,2029,104250.0,67723.0,67723.0
fuel_duty_freeze,Fuel duty freeze extension,2029,105000.0,68008.0,68008.0
fuel_duty_freeze,Fuel duty freeze extension,2029,105750.0,68293.0,68293.0
fuel_duty_freeze,Fuel duty freeze extension,2029,106500.0,68578.0,68578.0
fuel_duty_freeze,Fuel duty freeze extension,2029,107250.0,68863.0,68863.0
fuel_duty_freeze,Fuel duty freeze extension,2029,108000.0,69148.0,69148.0
fuel_duty_freeze,Fuel duty freeze extension,2029,108750.0,69433.0,69433.0
fuel_duty_freeze,Fuel duty freeze extension,2029,109500.0,69718.0,69718.0
fuel_duty_freeze,Fuel duty freeze extension,2029,110250.0,70003.0,70003.0
fuel_duty_freeze,Fuel duty freeze extension,2029,111000.0,70288.0,70288.0
fuel_duty_freeze,Fuel duty freeze extension,2029,111750.0,70573.0,70573.0
fuel_duty_freeze,Fuel duty freeze extension,2029,112500.0,70858.0,70858.0
fuel_duty_freeze,Fuel duty freeze extension,2029,113250.0,71143.0,71143.0
fuel_duty_freeze,Fuel duty freeze extension,2029,114000.0,71428.0,71428.0
fuel_duty_freeze,Fuel duty freeze extension,2029,114750.0,71713.0,71713.0
fuel_duty_freeze,Fuel duty freeze extension,2029,115500.0,71998.0,71998.0
fuel_duty_freeze,Fuel duty freeze extension,2029,116250.0,72283.0,72283.0
fuel_duty_freeze,Fuel duty freeze extension,2029,117000.0,72568.0,72568.0
fuel_duty_freeze,Fuel duty freeze extension,2029,117750.0,72853.0,72853.0
fuel_duty_freeze,Fuel duty freeze extension,2029,118500.0,73138.0,73138.0
fuel_duty_freeze,Fuel duty freeze extension,2029,119250.0,73423.0,73423.0
fuel_duty_freeze,Fuel duty freeze extension,2029,120000.0,73708.0,73708.0
fuel_duty_freeze,Fuel duty freeze extension,2029,120750.0,73993.0,73993.0
fuel_duty_freeze,Fuel duty freeze extension,2029,121500.0,74278.0,74278.0
fuel_duty_freeze,Fuel duty freeze extension,2029,122250.0,74563.0,74563.0
fuel_duty_freeze,Fuel duty freeze extension,2029,123000.0,74848.0,74848.0
fuel_duty_freeze,Fuel duty freeze extension,2029,123750.0,75133.0,75133.0
fuel_duty_freeze,Fuel duty freeze extension,2029,124500.0,75418.0,75418.0
fuel_duty_freeze,Fuel duty freeze extension,2029,125250.0,75725.0,75725.0
fuel_duty_freeze,Fuel duty freeze extension,2029,126000.0,76160.0,76160.0
fuel_duty_freeze,Fuel duty freeze extension,2029,126750.0,76595.0,76595.0
fuel_duty_freeze,Fuel duty freeze extension,2029,127500.0,77030.0,77030.0
fuel_duty_freeze,Fuel duty freeze extension,2029,128250.0,77465.0,77465.0
fuel_duty_freeze,Fuel duty freeze extension,2029,129000.0,77900.0,77900.0
fuel_duty_freeze,Fuel duty freeze extension,2029,129750.0,78335.0,78335.0
fuel_duty_freeze,Fuel duty freeze extension,2029,130500.0,78770.0,78770.0
fuel_duty_freeze,Fuel duty freeze extension,2029,131250.0,79205.0,79205.0
fuel_duty_freeze,Fuel duty freeze extension,2029,132000.0,79640.0,79640.0
fuel_duty_freeze,Fuel duty freeze extension,2029,132750.0,80075.0,80075.0
fuel_duty_freeze,Fuel duty freeze extension,2029,133500.0,80510.0,80510.0
fuel_duty_freeze,Fuel duty freeze extension,2029,134250.0,80945.0,80945.0
fuel_duty_freeze,Fuel duty freeze extension,2029,135000.0,81380.0,81380.0
fuel_duty_freeze,Fuel duty freeze extension,2029,135750.0,81784.0,81784.0
fuel_duty_freeze,Fuel duty freeze extension,2029,136500.0,82182.0,82182.0
fuel_duty_freeze,Fuel duty freeze extension,2029,137250.0,82580.0,82580.0
fuel_duty_freeze,Fuel duty freeze extension,2029,138000.0,82977.0,82977.0
fuel_duty_freeze,Fuel duty freeze extension,2029,138750.0,83374.0,83374.0
fuel_duty_freeze,Fuel duty freeze extension,2029,139500.0,83772.0,83772.0
fuel_duty_freeze,Fuel duty freeze extension,2029,140250.0,84170.0,84170.0
fuel_duty_freeze,Fuel duty freeze extension,2029,141000.0,84567.0,84567.0
fuel_duty_freeze,Fuel duty freeze extension,2029,141750.0,84964.0,84964.0
fuel_duty_freeze,Fuel duty freeze extension,2029,142500.0,85362.0,85362.0
fuel_duty_freeze,Fuel duty freeze extension,2029,143250.0,85760.0,85760.0
fuel_duty_freeze,Fuel duty freeze extension,2029,144000.0,86157.0,86157.0
fuel_duty_freeze,Fuel duty freeze extension,2029,144750.0,86554.0,86554.0
fuel_duty_freeze,Fuel duty freeze extension,2029,145500.0,86952.0,86952.0
fuel_duty_freeze,Fuel duty freeze extension,2029,146250.0,87350.0,87350.0
fuel_duty_freeze,Fuel duty freeze extension,2029,147000.0,87747.0,87747.0
fuel_duty_freeze,Fuel duty freeze extension,2029,147750.0,88144.0,88144.0
fuel_duty_freeze,Fuel duty freeze extension,2029,148500.0,88542.0,88542.0
fuel_duty_freeze,Fuel duty freeze extension,2029,149250.0,88940.0,88940.0
fuel_duty_freeze,Fuel duty freeze extension,2029,150000.0,89337.0,89337.0
